Pollutant:,SOX,Unit: grams,,,,,,,,,,,,,,,,,,,,,,,,,,,,,,,,,,
,2015.0,2016.0,2017.0,2018.0,2019.0,2020.0,2021.0,2022.0,2023.0,2024.0,2025.0,2026.0,2027.0,2028.0,2029.0,2030.0,2031.0,2032.0,2033.0,2034.0,2035.0,2036.0,2037.0,2038.0,2039.0,2040.0,2041.0,2042.0,2043.0,2044.0,2045.0,2046.0,2047.0,2048.0,2049.0,2050.0
agriculture and forestry 01T03,0.0,0.0,0.0,0.0,0.0,0.0,0.0,0.0,0.0,0.0,0.0,0.0,0.0,0.0,0.0,0.0,0.0,0.0,0.0,0.0,0.0,0.0,0.0,0.0,0.0,0.0,0.0,0.0,0.0,0.0,0.0,0.0,0.0,0.0,0.0,0.0
coal mining 05,0.0,0.0,0.0,0.0,0.0,20721160.0,21095799.999999996,21328251.65562914,23915976.02019352,21375932.501467444,22384461.345166344,25632719.613681596,26907178.963251356,29222439.755335078,31839623.22952538,32924386.451695163,33169477.275413904,32256542.492269002,32180989.08428564,32454076.306259613,31795688.86396787,31675219.26622661,32056255.86789446,32335240.920027923,33188883.402158864,32481119.291082136,31802573.78631275,31141641.441655897,31151853.541362487,31846487.8094901,32022590.455707245,32240897.822785527,32787021.074050773,33059754.734049,33150405.38605831,33013565.55429115
oil and gas extraction 06,0.0,0.0,0.0,0.0,0.0,512434087.4777975,521698747.77975136,494300563.2492766,495913818.87335527,536618700.9802129,545889350.6747439,526934874.3138001,537392719.7350736,554260933.7681764,566217968.7433153,581635904.6538967,592626016.1520896,601674253.2598623,605929226.808764,607597846.3292494,611904930.1369355,611124026.3371025,612538982.5541587,614861122.8627797,615408877.7314844,625575170.7413236,627884445.1810278,633433136.5765299,634940621.3332773,637705526.6567044,642360726.4217222,647527929.6530945,649883880.5874352,647246175.4413887,650202141.007938,656070385.8946126
other mining and quarrying 07T08,0.0,0.0,0.0,0.0,0.0,0.0,0.0,0.0,0.0,0.0,0.0,0.0,0.0,0.0,0.0,0.0,0.0,0.0,0.0,0.0,0.0,0.0,0.0,0.0,0.0,0.0,0.0,0.0,0.0,0.0,0.0,0.0,0.0,0.0,0.0,0.0
food beverage and tobacco 10T12,0.0,0.0,0.0,0.0,0.0,0.0,0.0,0.0,0.0,0.0,0.0,0.0,0.0,0.0,0.0,0.0,0.0,0.0,0.0,0.0,0.0,0.0,0.0,0.0,0.0,0.0,0.0,0.0,0.0,0.0,0.0,0.0,0.0,0.0,0.0,0.0
textiles apparel and leather 13T15,0.0,0.0,0.0,0.0,0.0,0.0,0.0,0.0,0.0,0.0,0.0,0.0,0.0,0.0,0.0,0.0,0.0,0.0,0.0,0.0,0.0,0.0,0.0,0.0,0.0,0.0,0.0,0.0,0.0,0.0,0.0,0.0,0.0,0.0,0.0,0.0
wood products 16,0.0,0.0,0.0,0.0,0.0,0.0,0.0,0.0,0.0,0.0,0.0,0.0,0.0,0.0,0.0,0.0,0.0,0.0,0.0,0.0,0.0,0.0,0.0,0.0,0.0,0.0,0.0,0.0,0.0,0.0,0.0,0.0,0.0,0.0,0.0,0.0
pulp paper and printing 17T18,0.0,0.0,0.0,0.0,0.0,365574089.7843761,370836405.09013784,392894317.81196576,407134659.23816144,403068285.136398,402696711.4899903,404277781.9890418,403944120.8032225,405638490.2511337,408398303.3682625,410497954.0477479,414595271.3341505,418556526.2847998,420937207.03141564,423982550.9113472,426920276.0177836,427768529.071074,429396717.06696224,433529677.5460398,433763450.25541204,437720014.5262979,443250715.3457501,447484196.7049616,450658058.9552984,452369881.38545984,453807995.8832388,455378657.9018345,455300005.18121684,455964085.9858676,457218978.0056866,458724743.20562875
refined petroleum and coke 19,0.0,0.0,0.0,0.0,0.0,1608627004.2429657,1613236857.972309,1618208080.1876254,1496845512.234164,1958526587.815567,2058231823.3809805,2174768732.3628225,2264599885.2908077,2249770435.81741,2202459384.16492,2189989743.972995,2159118552.3509555,2214159639.555338,2226742394.9082036,2222943488.195816,2262219276.849534,2266043143.9921813,2292256483.3385134,2267081252.452347,2268755634.389262,2272766668.44982,2249962185.8624816,2270562548.936593,2261092341.400355,2276053344.9831295,2283203819.234602,2450967078.381617,2449756836.2930617,2345365497.133122,2281575071.86891,2304730990.174405
chemicals 20,0.0,0.0,0.0,0.0,0.0,1565400648.1814907,1565303908.6712148,1485265260.1815608,1614630469.412271,1749955793.2631624,1608118170.6145012,1507572185.0456452,1547315231.7617488,1593670689.951998,1641688807.0352526,1687617941.9648814,1720686614.8982372,1754045103.5986862,1795744054.537729,1828673207.7583663,1858677068.4536536,1898203168.734808,1936375146.9404528,1968204051.304706,1988919032.518959,2015568668.4348187,2045053721.843832,2101861938.7751951,2156266043.058641,2198069518.045679,2244134836.4638686,2267181033.6954627,2273980072.7037244,2281462372.165742,2312663280.7466993,2352320824.8250303
rubber and plastic products 22,0.0,0.0,0.0,0.0,0.0,0.0,0.0,0.0,0.0,0.0,0.0,0.0,0.0,0.0,0.0,0.0,0.0,0.0,0.0,0.0,0.0,0.0,0.0,0.0,0.0,0.0,0.0,0.0,0.0,0.0,0.0,0.0,0.0,0.0,0.0,0.0
glass and glass products 231,0.0,0.0,0.0,0.0,0.0,0.0,0.0,0.0,0.0,0.0,0.0,0.0,0.0,0.0,0.0,0.0,0.0,0.0,0.0,0.0,0.0,0.0,0.0,0.0,0.0,0.0,0.0,0.0,0.0,0.0,0.0,0.0,0.0,0.0,0.0,0.0
cement and other nonmetallic minerals 239,0.0,0.0,0.0,0.0,0.0,1076770987.7213953,1126811822.231881,1074434166.6666667,1120038005.923001,1274292581.0189338,1159754312.9158723,1073644431.6941694,1020335347.122792,976840489.9570752,963747932.112268,948844864.4191658,935581934.2972289,923660725.4946464,766284950.0264106,736984759.2305405,704422786.2518295,673363795.1150111,654033324.4878573,637680690.8198239,611205439.7254319,594166488.0308821,575667780.6016097,559699719.8533772,547712452.5077217,538848586.9140112,524936000.4760079,516009484.0728313,507999646.81415707,499472565.9036566,493440733.06125265,488947709.8040474
iron and steel 241,0.0,0.0,0.0,0.0,0.0,585389307.5356416,592128207.7393075,698441211.4014251,679866857.7981652,659083025.1061568,615068146.2466683,553349842.0787197,530287064.24961317,537686142.3878398,539437394.924031,533187946.4792106,521711744.88893694,502294073.364275,502328460.3708981,510859275.5845627,513191886.0052053,518600983.27294934,524292255.13290906,529207797.6820998,535558021.2855471,540116519.2883804,541708674.4412369,547105089.5448775,557141902.7654926,563008855.3869071,564789949.8767809,563126090.0243498,556483475.1624837,548864128.7263081,549171965.7453034,554301202.8463497
other metals 242,0.0,0.0,0.0,0.0,0.0,135702079.7448166,139842466.7729931,141796726.7015707,154021325.16703787,159170883.74123043,157399211.71813467,156708178.02417818,160128040.9215682,165941068.07852378,170708388.81794313,174741604.65952587,177052969.07448098,177418513.30477783,177325194.92107257,177763778.41473186,178848041.67548835,180529056.2662878,182347066.9712714,183775005.9283106,184822220.2889978,186660356.25732625,188059280.38590908,189146282.06684765,190935427.9974993,192818852.68699655,193766433.74988577,194080364.20509407,194322999.91534457,194787409.41211268,195286540.18361327,195234260.47837207
metal products except machinery and vehicles 25,0.0,0.0,0.0,0.0,0.0,0.0,0.0,0.0,0.0,0.0,0.0,0.0,0.0,0.0,0.0,0.0,0.0,0.0,0.0,0.0,0.0,0.0,0.0,0.0,0.0,0.0,0.0,0.0,0.0,0.0,0.0,0.0,0.0,0.0,0.0,0.0
computers and electronics 26,0.0,0.0,0.0,0.0,0.0,0.0,0.0,0.0,0.0,0.0,0.0,0.0,0.0,0.0,0.0,0.0,0.0,0.0,0.0,0.0,0.0,0.0,0.0,0.0,0.0,0.0,0.0,0.0,0.0,0.0,0.0,0.0,0.0,0.0,0.0,0.0
appliances and electrical equipment 27,0.0,0.0,0.0,0.0,0.0,0.0,0.0,0.0,0.0,0.0,0.0,0.0,0.0,0.0,0.0,0.0,0.0,0.0,0.0,0.0,0.0,0.0,0.0,0.0,0.0,0.0,0.0,0.0,0.0,0.0,0.0,0.0,0.0,0.0,0.0,0.0
other machinery 28,0.0,0.0,0.0,0.0,0.0,0.0,0.0,0.0,0.0,0.0,0.0,0.0,0.0,0.0,0.0,0.0,0.0,0.0,0.0,0.0,0.0,0.0,0.0,0.0,0.0,0.0,0.0,0.0,0.0,0.0,0.0,0.0,0.0,0.0,0.0,0.0
road vehicles 29,0.0,0.0,0.0,0.0,0.0,0.0,0.0,0.0,0.0,0.0,0.0,0.0,0.0,0.0,0.0,0.0,0.0,0.0,0.0,0.0,0.0,0.0,0.0,0.0,0.0,0.0,0.0,0.0,0.0,0.0,0.0,0.0,0.0,0.0,0.0,0.0
nonroad vehicles 30,0.0,0.0,0.0,0.0,0.0,0.0,0.0,0.0,0.0,0.0,0.0,0.0,0.0,0.0,0.0,0.0,0.0,0.0,0.0,0.0,0.0,0.0,0.0,0.0,0.0,0.0,0.0,0.0,0.0,0.0,0.0,0.0,0.0,0.0,0.0,0.0
other manufacturing 31T33,0.0,0.0,0.0,0.0,0.0,692148204.1587902,697951275.9924386,758901238.6996535,825105991.5385164,811676528.9279491,789706590.5556141,778527305.3940202,776915466.35603,779705671.0836787,791389858.1899056,805727311.6930224,819623273.0212532,843181644.4106385,863322460.4953789,884192264.0975817,901988576.7762157,912674239.64506,926408922.4948531,946519838.549359,958827844.6816615,977392051.1419878,995456441.8361726,1010748683.9378482,1022886194.7320637,1034788205.7604634,1048594943.5689309,1072466886.9534248,1087364174.8884645,1100280573.1523614,1114518792.0498927,1129112065.0470784
energy pipelines and gas processing 352T353,0.0,0.0,0.0,0.0,0.0,19626191.611058153,19551100.095328886,22557505.796621397,24665666.666666668,28326841.750299763,28852076.664164715,29016459.854759794,30916992.147123713,33304914.98284473,33678934.468074754,34218123.0098327,33821947.38298364,33119149.711115047,31930793.680228353,31135146.430487964,30810204.202910077,30779310.7051564,30805637.515949428,30425444.315343753,30564321.774081644,30416712.094595682,30104679.219971403,30076070.566222504,30246575.109399103,30393667.75816835,30558365.51382368,30661407.68463766,30458276.751613673,30331490.660369184,30481573.63644882,30822363.23518758
water and waste 36T39,0.0,0.0,0.0,0.0,0.0,0.0,0.0,0.0,0.0,0.0,0.0,0.0,0.0,0.0,0.0,0.0,0.0,0.0,0.0,0.0,0.0,0.0,0.0,0.0,0.0,0.0,0.0,0.0,0.0,0.0,0.0,0.0,0.0,0.0,0.0,0.0
construction 41T43,0.0,0.0,0.0,0.0,0.0,0.0,0.0,0.0,0.0,0.0,0.0,0.0,0.0,0.0,0.0,0.0,0.0,0.0,0.0,0.0,0.0,0.0,0.0,0.0,0.0,0.0,0.0,0.0,0.0,0.0,0.0,0.0,0.0,0.0,0.0,0.0
