Unit: incidents / ton pollutant,2024.0,2025.0,2026.0,2027.0,2028.0,2029.0,2030.0,2031.0,2032.0,2033.0,2034.0,2035.0,2036.0,2037.0,2038.0,2039.0,2040.0,2041.0,2042.0,2043.0,2044.0,2045.0,2046.0,2047.0,2048.0,2049.0,2050.0
Premature mortality,7.84602e-05,7.96473e-05,8.08345e-05,8.20216e-05,8.32088e-05,8.53295e-05,8.74502e-05,8.88594e-05,9.02687e-05,9.1678e-05,9.30873e-05,9.44966e-05,9.5584e-05,9.66714e-05,9.77589e-05,9.88463e-05,9.99337e-05,0.000100496,0.000101058,0.000101619,0.000102181,0.000102743,0.00010287,0.000102998,0.000103125,0.000103252,0.000103379
Infant mortality,2.33555e-07,2.3137e-07,2.29185e-07,2.27e-07,2.24815e-07,1.48951e-07,7.30872e-08,7.25557e-08,7.20242e-08,7.14926e-08,7.09611e-08,7.04296e-08,7.00727e-08,6.97157e-08,6.93588e-08,6.90019e-08,6.86449e-08,6.82212e-08,6.77975e-08,6.73737e-08,6.695e-08,6.65263e-08,6.609e-08,6.56537e-08,6.52174e-08,6.4781e-08,6.43447e-08
Asthma symptoms albuturol use,0.553319,0.558621,0.563923,0.569225,0.574527,0.580714,0.5869,0.591167,0.595433,0.599699,0.603965,0.608231,0.609747,0.611264,0.61278,0.614297,0.615813,0.617708,0.619603,0.621498,0.623393,0.625288,0.627362,0.629435,0.631508,0.633582,0.635655
Asthma symptoms chest tightness,0.992327,1.00595,1.01957,1.0332,1.04682,1.0579,1.06897,1.07309,1.07721,1.08133,1.08544,1.08956,1.09412,1.09869,1.10325,1.10781,1.11237,1.11806,1.12376,1.12945,1.13514,1.14083,1.14608,1.15132,1.15656,1.16181,1.16705
Asthma symptoms cough,0.000177963,0.000180406,0.000182849,0.000185292,0.000187736,0.000189722,0.000191709,0.000192447,0.000193185,0.000193924,0.000194662,0.000195401,0.000196219,0.000197037,0.000197855,0.000198673,0.000199492,0.000200512,0.000201533,0.000202554,0.000203575,0.000204595,0.000205536,0.000206476,0.000207417,0.000208357,0.000209298
Asthma symptoms shortness of breath,0.000239653,0.000242943,0.000246233,0.000249523,0.000252814,0.000255489,0.000258164,0.000259158,0.000260152,0.000261147,0.000262141,0.000263136,0.000264238,0.000265339,0.000266441,0.000267543,0.000268645,0.000270019,0.000271394,0.000272769,0.000274143,0.000275518,0.000276784,0.000278051,0.000279317,0.000280584,0.00028185
Asthma symptoms wheeze,0.000366148,0.000371175,0.000376202,0.000381229,0.000386255,0.000390342,0.000394429,0.000395949,0.000397468,0.000398987,0.000400507,0.000402026,0.000403709,0.000405393,0.000407076,0.000408759,0.000410443,0.000412543,0.000414643,0.000416743,0.000418843,0.000420943,0.000422878,0.000424813,0.000426748,0.000428683,0.000430618
Asthma incidence,0.0265688,0.0267422,0.0269156,0.0270891,0.0272625,0.0274347,0.027607,0.0277597,0.0279124,0.0280651,0.0282179,0.0283706,0.0285067,0.0286428,0.0287789,0.0289149,0.029051,0.0291754,0.0292997,0.029424,0.0295483,0.0296726,0.0297878,0.029903,0.0300182,0.0301334,0.0302486
Hay fever rhinitis incidence,0.170667,0.172284,0.173902,0.17552,0.177138,0.178935,0.180733,0.18214,0.183546,0.184953,0.18636,0.187767,0.188538,0.18931,0.190081,0.190853,0.191624,0.192474,0.193324,0.194174,0.195024,0.195874,0.196736,0.197598,0.198461,0.199323,0.200185
Respiratory emergency room visits,0.0103838,0.0104879,0.0105919,0.010696,0.0108001,0.0109082,0.0110163,0.0111189,0.0112215,0.011324,0.0114266,0.0115291,0.0116173,0.0117055,0.0117936,0.0118818,0.0119699,0.0120468,0.0121236,0.0122004,0.0122772,0.012354,0.012426,0.012498,0.01257,0.012642,0.0127141
Respiratory hospital admissions,7.43669e-06,7.62716e-06,7.81762e-06,8.00809e-06,8.19855e-06,8.38191e-06,8.56526e-06,8.72293e-06,8.8806e-06,9.03827e-06,9.19593e-06,9.3536e-06,9.46165e-06,9.56971e-06,9.67776e-06,9.78581e-06,9.89386e-06,9.9554e-06,1.00169e-05,1.00785e-05,1.014e-05,1.02016e-05,1.02463e-05,1.02911e-05,1.03358e-05,1.03806e-05,1.04254e-05
Non-fatal heart attacks,3.40348e-05,3.50115e-05,3.59882e-05,3.69649e-05,3.79416e-05,3.88617e-05,3.97818e-05,4.05196e-05,4.12575e-05,4.19953e-05,4.27331e-05,4.34709e-05,4.3926e-05,4.4381e-05,4.4836e-05,4.5291e-05,4.57461e-05,4.59684e-05,4.61907e-05,4.64131e-05,4.66354e-05,4.68577e-05,4.70129e-05,4.71681e-05,4.73232e-05,4.74784e-05,4.76336e-05
Minor restricted activity days,0.0202485,0.0202795,0.0203106,0.0203416,0.0203727,0.0204268,0.020481,0.0205881,0.0206952,0.0208024,0.0209095,0.0210167,0.0211716,0.0213266,0.0214815,0.0216364,0.0217914,0.0219475,0.0221036,0.0222597,0.0224158,0.0225719,0.0227039,0.022836,0.022968,0.0231,0.023232
Work loss days,0.00341469,0.00342231,0.00342992,0.00343754,0.00344516,0.00345589,0.00346663,0.00348406,0.0035015,0.00351893,0.00353636,0.0035538,0.0035768,0.0035998,0.0036228,0.0036458,0.0036688,0.00369458,0.00372036,0.00374613,0.00377191,0.00379768,0.00382015,0.00384262,0.00386509,0.00388756,0.00391003
Lung cancer incidence,8.49276e-05,8.65267e-05,8.81257e-05,8.97248e-05,9.13238e-05,9.30311e-05,9.47384e-05,9.65786e-05,9.84188e-05,0.000100259,0.000102099,0.000103939,0.000105481,0.000107023,0.000108564,0.000110106,0.000111648,0.000112376,0.000113103,0.000113831,0.000114559,0.000115287,0.000115563,0.000115839,0.000116115,0.000116391,0.000116667
Cardiovascular hospital admissions,1.00868e-05,1.0384e-05,1.06811e-05,1.09782e-05,1.12753e-05,1.15599e-05,1.18444e-05,1.20872e-05,1.23301e-05,1.25729e-05,1.28158e-05,1.30586e-05,1.32145e-05,1.33704e-05,1.35262e-05,1.36821e-05,1.38379e-05,1.39146e-05,1.39913e-05,1.4068e-05,1.41447e-05,1.42214e-05,1.42674e-05,1.43134e-05,1.43593e-05,1.44053e-05,1.44513e-05
Alzheimers disease hospital admissions,0.000596268,0.000615563,0.000634858,0.000654152,0.000673447,0.000693947,0.000714446,0.000734991,0.000755535,0.000776079,0.000796624,0.000817168,0.000831716,0.000846265,0.000860813,0.000875361,0.000889909,0.000896696,0.000903482,0.000910269,0.000917055,0.000923842,0.000925462,0.000927083,0.000928704,0.000930325,0.000931946
Parkinsons disease hospital admissions,8.15382e-05,8.36377e-05,8.57372e-05,8.78366e-05,8.99361e-05,9.16857e-05,9.34353e-05,9.45622e-05,9.56892e-05,9.68161e-05,9.79431e-05,9.907e-05,9.95643e-05,0.000100058,0.000100553,0.000101047,0.000101541,0.00010179,0.000102038,0.000102287,0.000102535,0.000102784,0.000103181,0.000103579,0.000103977,0.000104375,0.000104773
Stroke incidence,7.2986e-05,7.48843e-05,7.67826e-05,7.86809e-05,8.05793e-05,8.21406e-05,8.37019e-05,8.46415e-05,8.5581e-05,8.65206e-05,8.74602e-05,8.83998e-05,8.87853e-05,8.91708e-05,8.95563e-05,8.99418e-05,9.03273e-05,9.0499e-05,9.06707e-05,9.08424e-05,9.10141e-05,9.11858e-05,9.15495e-05,9.19133e-05,9.22771e-05,9.26408e-05,9.30046e-05
Out of hospital cardiac arrest incidence,1.71785e-05,1.7424e-05,1.76694e-05,1.79149e-05,1.81603e-05,1.83888e-05,1.86173e-05,1.87949e-05,1.89726e-05,1.91503e-05,1.9328e-05,1.95057e-05,1.96202e-05,1.97347e-05,1.98492e-05,1.99637e-05,2.00782e-05,2.01646e-05,2.02509e-05,2.03373e-05,2.04237e-05,2.051e-05,2.06058e-05,2.07016e-05,2.07973e-05,2.08931e-05,2.09889e-05
Cardiac emergency room visits,0.000365004,0.000371483,0.000377963,0.000384442,0.000390922,0.000397266,0.00040361,0.000409736,0.000415863,0.00042199,0.000428117,0.000434243,0.000439037,0.00044383,0.000448623,0.000453417,0.00045821,0.000461386,0.000464561,0.000467737,0.000470913,0.000474088,0.000476313,0.000478538,0.000480763,0.000482988,0.000485213
School loss days,2.23343,2.25697,2.2805,2.30403,2.32757,2.35417,2.38076,2.40101,2.42126,2.44151,2.46175,2.482,2.49212,2.50224,2.51236,2.52248,2.53259,2.54434,2.55609,2.56784,2.57959,2.59134,2.60349,2.61564,2.62779,2.63995,2.6521
,,,,,,,,,,,,,,,,,,,,,,,,,,,
Data for lookup functions (based on sheet name),,,,,,,,,,,,,,,,,,,,,,,,,,,
sector pollutant,electricity NO2,,,,,,,,,,,,,,,,,,,,,,,,,,
