Policy:,crop and rice measures,Unit: g CO2e,,,,,,,,,,,,,,,,,,,,,,,,,,,,,,,,,,,
Lower Bound,Upper Bound,2015.0,2016.0,2017.0,2018.0,2019.0,2020.0,2021.0,2022.0,2023.0,2024.0,2025.0,2026.0,2027.0,2028.0,2029.0,2030.0,2031.0,2032.0,2033.0,2034.0,2035.0,2036.0,2037.0,2038.0,2039.0,2040.0,2041.0,2042.0,2043.0,2044.0,2045.0,2046.0,2047.0,2048.0,2049.0,2050.0
-1150.0,-1100.0,0.0,0.0,0.0,0.0,0.0,0.0,0.0,0.0,0.0,0.0,0.0,0.0,0.0,0.0,0.0,0.0,0.0,0.0,0.0,0.0,0.0,0.0,0.0,0.0,0.0,0.0,0.0,0.0,0.0,0.0,0.0,669304536.9127517,1338609073.8255033,2007913610.738255,2677218147.6510067,3346522684.5637584
-1100.0,-1050.0,0.0,0.0,0.0,0.0,0.0,0.0,2134228.187919463,4268456.375838926,6402684.563758389,8536912.751677852,10671140.939597316,8536912.751677852,6402684.563758389,4268456.375838926,2134228.187919463,0.0,2312080.536912752,4624161.073825503,6936241.610738254,9248322.147651006,11560402.684563758,869675731.543624,1727791060.4026842,2585906389.2617445,3444021718.120805,4302137046.979865,3441709637.583892,2581282228.1879187,1720854818.7919457,860427409.3959727,0.0,1778523.489932886,3557046.979865772,5335570.469798658,7114093.959731544,8892617.44966443
-1050.0,-1000.0,0.0,0.0,0.0,0.0,0.0,0.0,0.0,0.0,0.0,0.0,0.0,0.0,0.0,0.0,0.0,0.0,674750577.181208,1349501154.362416,2024251731.543624,2699002308.724832,3373752885.90604,2699002308.724832,2024251731.543624,1349501154.3624158,674750577.1812078,0.0,701495812.0805368,1402991624.1610737,2104487436.2416105,2805983248.3221474,3507479060.402684,2805983248.3221474,2104487436.2416105,1402991624.1610737,701495812.0805368,0.0
-1000.0,-950.0,0.0,0.0,0.0,0.0,0.0,0.0,0.0,0.0,0.0,0.0,0.0,728970630.8724833,1457941261.7449665,2186911892.6174498,2915882523.489933,3644853154.3624163,3126544241.6107383,2608235328.8590603,2089926416.1073823,1571617503.3557043,1053308590.604027,1573310469.798658,2093312348.993289,2613314228.18792,3133316107.382551,3653317986.577182,2922654389.2617455,2191990791.946309,1461327194.6308727,730663597.3154364,0.0,0.0,0.0,0.0,0.0,0.0
-950.0,-900.0,0.0,0.0,0.0,0.0,0.0,0.0,789888429.5302013,1579776859.0604026,2369665288.590604,3159553718.1208053,3949442147.6510067,3986638201.342282,4023834255.033557,4061030308.724832,4098226362.416107,4135422416.107382,4066390791.946308,3997359167.7852345,3928327543.624161,3859295919.463087,3790264295.302013,3034167812.0805373,2278071328.8590603,1521974845.637584,765878362.4161077,9781879.194630872,7825503.355704698,5869127.516778523,3912751.677852348,1956375.838926174,0.0,0.0,0.0,0.0,0.0,0.0
-900.0,-850.0,0.0,0.0,0.0,0.0,0.0,0.0,1032240536.9127517,2064481073.8255033,3096721610.7382545,4128962147.6510067,5161202684.563758,4128962147.6510067,3096721610.7382545,2064481073.8255029,1032240536.9127513,0.0,1956375.838926174,3912751.677852349,5869127.516778523,7825503.355704698,9781879.194630872,7825503.355704698,5869127.516778523,3912751.677852348,1956375.838926174,0.0,0.0,0.0,0.0,0.0,0.0,8714765.100671139,17429530.201342277,26144295.302013416,34859060.402684554,43573825.5033557
-850.0,-800.0,0.0,0.0,0.0,0.0,0.0,0.0,-2667785.234899328,-5335570.469798657,-8003355.704697985,-10671140.939597314,-13338926.174496643,-10671140.939597314,-8003355.704697985,-5335570.469798656,-2667785.234899328,0.0,0.0,0.0,0.0,0.0,0.0,0.0,0.0,0.0,0.0,0.0,0.0,0.0,0.0,0.0,0.0,25742442.953020133,51484885.906040266,77227328.8590604,102969771.81208053,128712214.76510067
-800.0,-750.0,0.0,0.0,0.0,0.0,0.0,0.0,0.0,0.0,0.0,0.0,0.0,0.0,0.0,0.0,0.0,0.0,0.0,0.0,0.0,0.0,0.0,0.0,0.0,0.0,0.0,0.0,6046979.865771811,12093959.731543623,18140939.597315434,24187919.463087246,30234899.328859057,24187919.463087246,18140939.597315434,12093959.731543623,6046979.865771811,0.0
-750.0,-700.0,0.0,0.0,0.0,0.0,0.0,0.0,44285234.89932886,88570469.79865772,132855704.69798657,177140939.59731543,221426174.4966443,177140939.59731543,132855704.69798657,88570469.79865772,44285234.89932886,0.0,0.0,0.0,0.0,0.0,0.0,6224832.214765101,12449664.429530201,18674496.6442953,24899328.859060403,31124161.073825505,54732375.83892617,78340590.60402684,101948805.36912748,125557020.13422814,149165234.89932883,119332187.91946307,89499140.93959731,59666093.95973154,29833046.979865775,0.0
-700.0,-650.0,0.0,0.0,0.0,0.0,0.0,0.0,0.0,0.0,0.0,0.0,0.0,0.0,0.0,0.0,0.0,0.0,6224832.214765101,12449664.429530201,18674496.6442953,24899328.859060403,31124161.073825505,25610738.25503356,20097315.43624161,14583892.617449665,9070469.79865772,3557046.979865772,2845637.583892618,2134228.187919463,1422818.791946309,711409.395973154,0.0,0.0,0.0,0.0,0.0,0.0
-650.0,-600.0,0.0,0.0,0.0,0.0,0.0,0.0,2134228.187919463,4268456.375838926,6402684.563758389,8536912.751677852,10671140.939597316,402400026.8456375,794128912.7516778,1185857798.657718,1577586684.5637581,1969315570.4697983,1575452456.3758388,1181589342.281879,787726228.1879193,393863114.09395957,0.0,21118281.87919463,42236563.75838926,63354845.63758388,84473127.51677851,105591409.39597315,84473127.51677851,63354845.63758388,42236563.75838925,21118281.87919462,0.0,0.0,0.0,0.0,0.0,0.0
-600.0,-550.0,0.0,0.0,0.0,0.0,0.0,0.0,0.0,0.0,0.0,0.0,0.0,0.0,0.0,0.0,0.0,0.0,22541100.67114094,45082201.34228188,67623302.01342282,90164402.68456376,112705503.3557047,99590577.18120804,86475651.0067114,73360724.83221474,60245798.6577181,47130872.48322148,37704697.98657718,28278523.489932887,18852348.99328859,9426174.496644296,0.0,0.0,0.0,0.0,0.0,0.0
-550.0,-500.0,0.0,0.0,0.0,0.0,0.0,0.0,0.0,0.0,0.0,0.0,0.0,3557046.979865772,7114093.959731544,10671140.939597316,14228187.919463089,17785234.89932886,14228187.919463089,10671140.939597316,7114093.959731543,3557046.979865772,0.0,0.0,0.0,0.0,0.0,0.0,0.0,0.0,0.0,0.0,0.0,0.0,0.0,0.0,0.0,0.0
-500.0,-450.0,0.0,0.0,0.0,0.0,0.0,0.0,614446174.4966443,1228892348.9932885,1843338523.4899328,2457784697.986577,3072230872.4832215,2459385369.1275167,1846539865.7718117,1233694362.4161072,620848859.0604025,8003355.704697987,16184563.758389262,24365771.81208054,32546979.865771815,40728187.91946309,48909395.973154366,39127516.77852349,29345637.583892617,19563758.389261745,9781879.194630872,0.0,0.0,0.0,0.0,0.0,0.0,0.0,0.0,0.0,0.0,0.0
-450.0,-400.0,0.0,0.0,0.0,0.0,0.0,0.0,0.0,0.0,0.0,0.0,0.0,36993288.59060402,73986577.18120804,110979865.77181207,147973154.3624161,184966442.95302013,147973154.3624161,110979865.77181207,73986577.18120804,36993288.59060402,0.0,0.0,0.0,0.0,0.0,0.0,0.0,0.0,0.0,0.0,0.0,0.0,0.0,0.0,0.0,0.0
-400.0,-350.0,0.0,0.0,0.0,0.0,0.0,0.0,23476510.067114092,46953020.134228185,70429530.20134228,93906040.26845637,117382550.33557047,147215597.31543624,177048644.295302,206881691.27516776,236714738.25503352,266547785.23489934,213238228.18791944,159928671.1409396,106619114.09395973,53309557.046979874,0.0,0.0,0.0,0.0,0.0,0.0,0.0,0.0,0.0,0.0,0.0,0.0,0.0,0.0,0.0,0.0
-350.0,-300.0,0.0,0.0,0.0,0.0,0.0,0.0,76963919.46308723,153927838.92617446,230891758.3892617,307855677.8523489,384819597.3154362,314969771.8120805,245119946.30872482,175270120.80536914,105420295.30201344,35570469.79865772,28456375.838926177,21342281.879194632,14228187.919463087,7114093.959731543,0.0,0.0,0.0,0.0,0.0,0.0,0.0,0.0,0.0,0.0,0.0,1956375.838926174,3912751.677852349,5869127.516778523,7825503.355704698,9781879.194630872
-300.0,-250.0,0.0,0.0,0.0,0.0,0.0,0.0,0.0,0.0,0.0,0.0,0.0,0.0,0.0,0.0,0.0,0.0,0.0,0.0,0.0,0.0,0.0,0.0,0.0,0.0,0.0,0.0,1956375.838926174,3912751.677852349,5869127.516778523,7825503.355704698,9781879.194630872,32678684.563758392,55575489.932885915,78472295.30201343,101369100.67114094,124265906.04026848
-250.0,-200.0,0.0,0.0,0.0,0.0,0.0,0.0,468904348.9932885,937808697.986577,1406713046.9798656,1875617395.973154,2344521744.9664426,1877751624.1610734,1410981503.3557043,944211382.5503353,477441261.7449661,10671140.939597316,36769288.59060404,62867436.24161075,88965583.89261748,115063731.54362418,141161879.1946309,140806174.49664432,140450469.79865775,140094765.10067117,139739060.4026846,139383355.704698,136893422.81879196,134403489.93288592,131913557.04697987,129423624.16107383,126933691.27516781,102436214.76510069,77938738.25503357,53441261.74496645,28943785.23489933,4446308.724832216
-200.0,-150.0,0.0,0.0,0.0,0.0,0.0,0.0,11382550.33557047,22765100.67114094,34147651.00671141,45530201.34228188,56912751.67785235,45530201.34228188,34147651.00671141,22765100.67114094,11382550.33557047,0.0,1067114.093959732,2134228.187919463,3201342.281879194,4268456.375838926,5335570.469798658,5335570.469798658,5335570.469798658,5335570.469798658,5335570.469798658,5335570.469798658,5157718.12080537,4979865.771812081,4802013.422818793,4624161.073825505,4446308.724832216,3557046.979865772,2667785.234899329,1778523.489932886,889261.744966443,0.0
-150.0,-100.0,0.0,0.0,0.0,0.0,0.0,0.0,0.0,0.0,0.0,0.0,0.0,0.0,0.0,0.0,0.0,0.0,0.0,0.0,0.0,0.0,0.0,0.0,0.0,0.0,0.0,0.0,0.0,0.0,0.0,0.0,0.0,0.0,0.0,0.0,0.0,0.0
-100.0,-90.0,0.0,0.0,0.0,0.0,0.0,0.0,0.0,0.0,0.0,0.0,0.0,3528149342.2818794,7056298684.563759,10584448026.845638,14112597369.127518,17640746711.409397,14112597369.127518,10584448026.845638,7056298684.563759,3528149342.2818794,0.0,0.0,0.0,0.0,0.0,0.0,0.0,0.0,0.0,0.0,0.0,0.0,0.0,0.0,0.0,0.0
-90.0,-80.0,0.0,0.0,0.0,0.0,0.0,0.0,0.0,0.0,0.0,0.0,0.0,0.0,0.0,0.0,0.0,0.0,0.0,0.0,0.0,0.0,0.0,0.0,0.0,0.0,0.0,0.0,0.0,0.0,0.0,0.0,0.0,0.0,0.0,0.0,0.0,0.0
-80.0,-70.0,0.0,0.0,0.0,0.0,0.0,0.0,0.0,0.0,0.0,0.0,0.0,0.0,0.0,0.0,0.0,0.0,0.0,0.0,0.0,0.0,0.0,0.0,0.0,0.0,0.0,0.0,0.0,0.0,0.0,0.0,0.0,0.0,0.0,0.0,0.0,0.0
-70.0,-60.0,0.0,0.0,0.0,0.0,0.0,0.0,0.0,0.0,0.0,0.0,0.0,0.0,0.0,0.0,0.0,0.0,0.0,0.0,0.0,0.0,0.0,0.0,0.0,0.0,0.0,0.0,0.0,0.0,0.0,0.0,0.0,0.0,0.0,0.0,0.0,0.0
-60.0,-50.0,0.0,0.0,0.0,0.0,0.0,0.0,0.0,0.0,0.0,0.0,0.0,69184563.75838926,138369127.51677853,207553691.27516782,276738255.03355706,345922818.79194635,276738255.03355706,207553691.27516782,138369127.51677853,69184563.75838926,0.0,0.0,0.0,0.0,0.0,0.0,0.0,0.0,0.0,0.0,0.0,0.0,0.0,0.0,0.0,0.0
-50.0,-40.0,0.0,0.0,0.0,0.0,0.0,0.0,0.0,0.0,0.0,0.0,0.0,0.0,0.0,0.0,0.0,0.0,0.0,0.0,0.0,0.0,0.0,0.0,0.0,0.0,0.0,0.0,0.0,0.0,0.0,0.0,0.0,0.0,0.0,0.0,0.0,0.0
-40.0,-30.0,0.0,0.0,0.0,0.0,0.0,0.0,0.0,0.0,0.0,0.0,0.0,310530201.3422819,621060402.6845638,931590604.0268457,1242120805.3691275,1552651006.7114093,1242120805.3691275,931590604.0268457,621060402.6845639,310530201.342282,0.0,0.0,0.0,0.0,0.0,0.0,0.0,0.0,0.0,0.0,0.0,0.0,0.0,0.0,0.0,0.0
-30.0,-20.0,0.0,0.0,0.0,0.0,0.0,0.0,0.0,0.0,0.0,0.0,0.0,0.0,0.0,0.0,0.0,0.0,0.0,0.0,0.0,0.0,0.0,0.0,0.0,0.0,0.0,0.0,0.0,0.0,0.0,0.0,0.0,0.0,0.0,0.0,0.0,0.0
-20.0,-10.0,0.0,0.0,0.0,0.0,0.0,0.0,0.0,0.0,0.0,0.0,0.0,517728187.91946304,1035456375.8389261,1553184563.758389,2070912751.6778522,2588640939.597315,2070912751.6778522,1553184563.758389,1035456375.838926,517728187.9194629,0.0,0.0,0.0,0.0,0.0,0.0,0.0,0.0,0.0,0.0,0.0,0.0,0.0,0.0,0.0,0.0
-10.0,0.0,0.0,0.0,0.0,0.0,0.0,0.0,18508244259.89262,37016488519.78524,55524732779.67786,74032977039.57048,92541221299.4631,93101708391.91948,93662195484.37585,94222682576.83223,94783169669.2886,95343656761.74496,95981449885.90604,96619243010.06711,97257036134.22818,97894829258.38925,98532622382.55032,99112375065.63757,99692127748.72482,100271880431.81207,100851633114.89932,101431385797.98659,102009523301.42282,102587660804.85905,103165798308.29529,103743935811.73152,104322073315.16779,104901294460.85907,105480515606.55035,106059736752.24164,106638957897.9329,107218179043.62418
0.0,0.0,0.0,0.0,0.0,0.0,0.0,0.0,0.0,0.0,0.0,0.0,0.0,1422818.791946309,2845637.583892618,4268456.375838926,5691275.167785235,7114093.959731543,5691275.167785235,4268456.375838926,2845637.583892618,1422818.791946309,0.0,0.0,0.0,0.0,0.0,0.0,0.0,0.0,0.0,0.0,0.0,0.0,0.0,0.0,0.0,0.0
0.1,10.0,0.0,0.0,0.0,0.0,0.0,0.0,0.0,0.0,0.0,0.0,0.0,0.0,0.0,0.0,0.0,0.0,0.0,0.0,0.0,0.0,0.0,0.0,0.0,0.0,0.0,0.0,0.0,0.0,0.0,0.0,0.0,0.0,0.0,0.0,0.0,0.0
10.0,20.0,0.0,0.0,0.0,0.0,0.0,0.0,1940085343.0335574,3880170686.067115,5820256029.100672,7760341372.13423,9700426715.167788,7921573426.684566,6142720138.201344,4363866849.718122,2585013561.2348995,806160272.751678,2616270690.8724833,4426381108.993288,6236491527.114094,8046601945.2348995,9856712363.355705,11847065280.61745,13837418197.879196,15827771115.140942,17818124032.402687,19808476949.66443,19921093595.033558,20033710240.402687,20146326885.771816,20258943531.140945,20371560176.510067,20486513962.65772,20601467748.80537,20716421534.953022,20831375321.100674,20946329107.24833
20.0,30.0,0.0,0.0,0.0,0.0,0.0,0.0,3113469440.536913,6226938881.073826,9340408321.61074,12453877762.147652,15567347202.684565,17422153278.308723,19276959353.932884,21131765429.557045,22986571505.181206,24841377580.805367,23186156407.62416,21530935234.442955,19875714061.26175,18220492888.080544,16565271714.89933,14732971625.691277,12900671536.483223,11068371447.27517,9236071358.067116,7403771268.859062,7445913230.281881,7488055191.7047,7530197153.12752,7572339114.550339,7614481075.973156,7657449348.026847,7700417620.080538,7743385892.134229,7786354164.18792,7829322436.2416115
30.0,40.0,0.0,0.0,0.0,0.0,0.0,0.0,0.0,0.0,0.0,0.0,0.0,0.0,0.0,0.0,0.0,0.0,0.0,0.0,0.0,0.0,0.0,0.0,0.0,0.0,0.0,0.0,0.0,0.0,0.0,0.0,0.0,0.0,0.0,0.0,0.0,0.0
40.0,50.0,0.0,0.0,0.0,0.0,0.0,0.0,0.0,0.0,0.0,0.0,0.0,0.0,0.0,0.0,0.0,0.0,3429810469.7986574,6859620939.597315,10289431409.395973,13719241879.19463,17149052348.993288,17141048993.28859,17133045637.58389,17125042281.879192,17117038926.174494,17109035570.469797,13687228456.375837,10265421342.281878,6843614228.187918,3421807114.0939584,0.0,0.0,0.0,0.0,0.0,0.0
50.0,60.0,0.0,0.0,0.0,0.0,0.0,0.0,3531673718.120805,7063347436.24161,10595021154.362415,14126694872.48322,17658368590.604023,14128295543.624157,10598222496.64429,7068149449.664426,3538076402.684561,8003355.704697987,6402684.56375839,4802013.422818793,3201342.281879196,1600671.140939598,0.0,0.0,0.0,0.0,0.0,0.0,3397085637.5838923,6794171275.167785,10191256912.751677,13588342550.33557,16985428187.919462,16937230201.342281,16889032214.7651,16840834228.18792,16792636241.61074,16744438255.033558
60.0,70.0,0.0,0.0,0.0,0.0,0.0,0.0,0.0,0.0,0.0,0.0,0.0,0.0,0.0,0.0,0.0,0.0,287409395.97315437,574818791.9463087,862228187.9194632,1149637583.8926175,1437046979.8657718,1406329634.362416,1375612288.8590603,1344894943.3557045,1314177597.852349,1283460252.3489933,1005053665.3959732,726647078.4429531,448240491.48993295,169833904.5369128,-108572682.4161074,-109187116.24161075,-109801550.0671141,-110415983.89261745,-111030417.7181208,-111644851.54362418
70.0,80.0,0.0,0.0,0.0,0.0,0.0,0.0,51523726.17449663,103047452.34899326,154571178.5234899,206094904.6979865,257618630.8724832,242554636.2416107,227490641.61073822,212426646.97986573,197362652.34899324,182298657.7181208,136011182.2818792,89723706.84563757,43436231.40939596,-2851244.026845649,-49138719.46308725,-29173391.677852355,-9208063.892617457,10757263.892617442,30722591.67785234,50687919.463087246,307328859.06040263,563969798.6577181,820610738.2550335,1077251677.8523488,1333892617.4496644,1688963149.9328856,2044033682.4161074,2399104214.899329,2754174747.3825507,3109245279.8657722
80.0,90.0,0.0,0.0,0.0,0.0,0.0,0.0,318889261.74496645,637778523.4899329,956667785.2348993,1275557046.9798658,1594446308.7248323,1255659155.9731545,916872003.2214768,578084850.4697988,239297697.71812093,-99489455.03355706,-79591564.02684565,-59693673.02013424,-39795782.01342283,-19897891.00671142,0.0,1477570228.61745,2955140457.2349,4432710685.85235,5910280914.4698,7387851143.08725,7439684528.99329,7491517914.89933,7543351300.80537,7595184686.7114105,7647018072.61745,7312947266.33557,6978876460.053692,6644805653.7718115,6310734847.489932,5976664041.208054
90.0,100.0,0.0,0.0,0.0,0.0,0.0,0.0,600967565.6912751,1201935131.3825502,1802902697.0738254,2403870262.7651005,3004837828.4563756,2958120121.6107383,2911402414.765101,2864684707.9194636,2817967001.0738263,2771249294.228188,3651693828.7248325,4532138363.221477,5412582897.718121,6293027432.214765,7173471966.71141,5738777573.369127,4304083180.026846,2869388786.684564,1434694393.3422823,0.0,0.0,0.0,0.0,0.0,0.0,9248322.147651006,18496644.29530201,27744966.442953017,36993288.59060402,46241610.73825503
100.0,150.0,0.0,0.0,0.0,0.0,0.0,0.0,1587480578.5503354,3174961157.100671,4762441735.651007,6349922314.201342,7937402892.7516775,7884247864.912753,7831092837.073827,7777937809.234901,7724782781.395976,7671627753.557048,6822184552.429532,5972741351.302015,5123298150.174499,4273854949.046982,3424411747.9194636,3444879443.7046986,3465347139.4899335,3485814835.2751684,3506282531.0604033,3526750226.8456383,3546824392.4295306,3566898558.013423,3586972723.597315,3607046889.1812077,3627121054.765101,3647588750.550336,3668056446.335571,3688524142.1208057,3708991837.9060407,3729459533.691276
150.0,200.0,0.0,0.0,0.0,0.0,0.0,0.0,309844336.51006716,619688673.0201343,929533009.5302013,1239377346.0402687,1549221682.5503356,1522475501.6912751,1495729320.8322146,1468983139.973154,1442236959.1140935,1415490778.2550335,1424039095.1946309,1432587412.1342282,1441135729.0738256,1449684046.013423,1458232362.95302,1466948162.4697988,1475663961.9865775,1484379761.5033562,1493095561.020135,1501811360.5369132,1510359677.4765105,1518907994.416108,1527456311.3557053,1536004628.2953026,1544552945.2348995,1553268744.751678,1561984544.2684565,1570700343.785235,1579416143.3020134,1588131942.818792
200.0,250.0,0.0,0.0,0.0,0.0,0.0,0.0,0.0,0.0,0.0,0.0,0.0,0.0,0.0,0.0,0.0,0.0,0.0,0.0,0.0,0.0,0.0,108553107.2751678,217106214.5503356,325659321.82550335,434212429.1006712,542765536.375839,545854964.295302,548944392.2147651,552033820.1342281,555123248.0536911,558212675.9731544,561362686.6040269,564512697.2348994,567662707.8657719,570812718.4966444,573962729.1275169
250.0,300.0,0.0,0.0,0.0,0.0,0.0,0.0,124836158.79194632,249672317.58389264,374508476.375839,499344635.1677853,624180793.9597316,1355436014.4697988,2086691234.979866,2817946455.489933,3549201676.0,4280456896.510068,3529768660.000001,2779080423.489934,2028392186.9798667,1277703950.4697995,527015713.95973164,421612571.1677853,316209428.375839,210806285.58389267,105403142.79194635,0.0,0.0,0.0,0.0,0.0,0.0,0.0,0.0,0.0,0.0,0.0
300.0,350.0,0.0,0.0,0.0,0.0,0.0,0.0,0.0,0.0,0.0,0.0,0.0,0.0,0.0,0.0,0.0,0.0,873037771.8120806,1746075543.6241612,2619113315.436242,3492151087.2483225,4365188859.060403,3492151087.2483225,2619113315.436242,1746075543.6241615,873037771.8120809,0.0,0.0,0.0,0.0,0.0,0.0,0.0,0.0,0.0,0.0,0.0
350.0,400.0,0.0,0.0,0.0,0.0,0.0,0.0,0.0,0.0,0.0,0.0,0.0,0.0,0.0,0.0,0.0,0.0,0.0,0.0,0.0,0.0,0.0,841380053.6912754,1682760107.3825507,2524140161.073826,3365520214.7651014,4206900268.4563766,4171151946.3087254,4135403624.161074,4099655302.013423,4063906979.8657713,4028158657.718121,3222526926.1744967,2416895194.6308727,1611263463.0872486,805631731.5436244,0.0
400.0,450.0,0.0,0.0,0.0,0.0,0.0,0.0,817323838.9261745,1634647677.852349,2451971516.7785234,3269295355.704698,4086619194.630872,3269295355.704698,2451971516.7785234,1634647677.852349,817323838.9261746,0.0,0.0,0.0,0.0,0.0,0.0,0.0,0.0,0.0,0.0,0.0,0.0,0.0,0.0,0.0,0.0,770548671.1409396,1541097342.2818792,2311646013.4228187,3082194684.5637584,3852743355.704698
450.0,500.0,0.0,0.0,0.0,0.0,0.0,0.0,2489932.88590604,4979865.77181208,7469798.65771812,9959731.54362416,12449664.429530201,12449664.429530201,12449664.429530201,12449664.429530201,12449664.429530201,12449664.429530201,48197986.577181205,83946308.7248322,119694630.87248321,155442953.0201342,191191275.16778523,152953020.13422817,114714765.10067113,76476510.06711408,38238255.03355704,0.0,0.0,0.0,0.0,0.0,0.0,0.0,0.0,0.0,0.0,0.0
500.0,550.0,0.0,0.0,0.0,0.0,0.0,0.0,0.0,0.0,0.0,0.0,0.0,25432885.906040266,50865771.81208053,76298657.71812081,101731543.62416106,127164429.53020135,101731543.62416106,76298657.71812081,50865771.81208055,25432885.906040277,0.0,36993288.59060402,73986577.18120804,110979865.77181207,147973154.3624161,184966442.95302013,147973154.3624161,110979865.77181207,73986577.18120804,36993288.59060402,0.0,0.0,0.0,0.0,0.0,0.0
550.0,600.0,0.0,0.0,0.0,0.0,0.0,0.0,0.0,0.0,0.0,0.0,0.0,0.0,0.0,0.0,0.0,0.0,86258389.26174496,172516778.52348992,258775167.78523487,345033557.04697984,431291946.3087248,428446308.72483224,425600671.14093965,422755033.55704707,419909395.9731545,417063758.3892618,449432885.9060403,481802013.42281884,514171140.93959737,546540268.4563758,578909395.9731544,539604026.8456377,500298657.7181209,460993288.59060407,421687919.46308726,382382550.33557045
600.0,650.0,0.0,0.0,0.0,0.0,0.0,0.0,0.0,0.0,0.0,0.0,0.0,0.0,0.0,0.0,0.0,0.0,0.0,0.0,0.0,0.0,0.0,0.0,0.0,0.0,0.0,0.0,0.0,0.0,0.0,0.0,0.0,1083281090.8456376,2166562181.691275,3249843272.536913,4333124363.38255,5416405454.228188
650.0,700.0,0.0,0.0,0.0,0.0,0.0,0.0,0.0,0.0,0.0,0.0,0.0,0.0,0.0,0.0,0.0,0.0,0.0,0.0,0.0,0.0,0.0,2204526661.288591,4409053322.577182,6613579983.865772,8818106645.154364,11022633306.442955,12220191563.530203,13417749820.61745,14615308077.704699,15812866334.791946,17010424591.879198,16057102644.107386,15103780696.335573,14150458748.56376,13197136800.79195,12243814853.020136
700.0,750.0,0.0,0.0,0.0,0.0,0.0,0.0,0.0,0.0,0.0,0.0,0.0,0.0,0.0,0.0,0.0,0.0,3201342.281879195,6402684.56375839,9604026.845637586,12805369.12751678,16006711.409395974,1119243692.9932883,2222480674.577181,3325717656.161073,4428954637.744966,5532191619.328858,4425753295.463087,3319314971.597315,2212876647.7315435,1106438323.8657718,0.0,2104405440.3355706,4208810880.671141,6313216321.006712,8417621761.342282,10522027201.677855
750.0,800.0,0.0,0.0,0.0,0.0,0.0,0.0,3058807277.5033555,6117614555.006711,9176421832.510067,12235229110.013422,15294036387.516777,12235229110.013422,9176421832.510067,6117614555.006712,3058807277.5033565,0.0,3906405908.2416105,7812811816.483221,11719217724.72483,15625623632.966442,19532029541.208054,17615647429.24832,15699265317.288591,13782883205.328861,11866501093.369131,9950118981.409399,12123086700.83222,14296054420.255035,16469022139.67785,18641989859.100666,20814957578.52349,20824904833.852345,20834852089.181206,20844799344.510063,20854746599.83892,20864693855.167786
800.0,850.0,0.0,0.0,0.0,0.0,0.0,0.0,1140359323.489933,2280718646.979866,3421077970.469799,4561437293.959732,5701796617.449665,6655792998.523491,7609789379.597317,8563785760.671143,9517782141.744968,10471778522.818794,9448818886.32215,8425859249.825504,7402899613.328859,6379939976.832214,5356980340.335571,9931008976.724834,14505037613.114098,19079066249.50336,23653094885.892624,28227123522.281883,27944820125.28859,27662516728.295303,27380213331.302013,27097909934.308723,26815606537.31544,23294179225.61074,19772751913.90604,16251324602.20134,12729897290.49664,9208469978.791945
850.0,900.0,0.0,0.0,0.0,0.0,0.0,0.0,1901866094.6308727,3803732189.2617455,5705598283.892618,7607464378.523491,9509330473.154364,10317491049.261745,11125651625.369127,11933812201.47651,12741972777.58389,13550133353.691277,13644479765.51678,13738826177.342285,13833172589.16779,13927519000.993294,14021865412.818794,12959083728.510069,11896302044.201344,10833520359.892616,9770738675.583893,8707956991.27517,6966365593.020136,5224774194.765102,3483182796.5100684,1741591398.2550344,0.0,3385768932.375839,6771537864.751678,10157306797.127518,13543075729.503357,16928844661.879196
900.0,950.0,0.0,0.0,0.0,0.0,0.0,0.0,1944612870.362416,3889225740.724832,5833838611.087247,7778451481.449664,9723064351.81208,10591730751.785234,11460397151.758389,12329063551.731543,13197729951.704697,14066396351.677855,15152358009.744968,16238319667.812082,17324281325.879196,18410242983.94631,19496204642.01342,18194395462.228188,16892586282.442953,15590777102.657719,14288967922.872484,12987158743.08725,12166360817.073826,11345562891.060402,10524764965.046978,9703967039.033554,8883169113.020134,7106535290.416107,5329901467.81208,3553267645.2080536,1776633822.6040268,0.0
950.0,1000.0,0.0,0.0,0.0,0.0,0.0,0.0,2831431481.879195,5662862963.75839,8494294445.637586,11325725927.51678,14157157409.395973,15045682506.684565,15934207603.973154,16822732701.261744,17711257798.550335,18599782895.838924,16570880448.080536,14541978000.32215,12513075552.563759,10484173104.80537,8455270657.046982,6833223237.046982,5211175817.046982,3589128397.0469813,1967080977.0469809,345033557.04697984,2800726301.6375837,5256419046.228188,7712111790.818791,10167804535.409395,12623497280.0,11806441690.067114,10989386100.134228,10172330510.201342,9355274920.268456,8538219330.335571
1000.0,1050.0,0.0,0.0,0.0,0.0,0.0,0.0,2521134191.6241617,5042268383.248323,7563402574.872485,10084536766.496647,12605670958.120808,11729048833.181208,10852426708.241611,9975804583.302013,9099182458.362415,8222560333.422819,6581071756.671141,4939583179.919462,3298094603.167784,1656606026.4161062,15117449.66442953,1626921244.5637586,3238725039.463088,4850528834.362417,6462332629.261746,8074136424.161076,6526893031.94631,4979649639.7315445,3432406247.516779,1885162855.3020134,337919463.0872483,1121800322.1476512,1905681181.208054,2689562040.268457,3473442899.32886,4257323758.389262
1050.0,1100.0,0.0,0.0,0.0,0.0,0.0,0.0,0.0,0.0,0.0,0.0,0.0,0.0,0.0,0.0,0.0,0.0,1677342786.4966445,3354685572.993289,5032028359.489933,6709371145.986578,8386713932.483223,6712394635.919464,5038075339.355705,3363756042.7919464,1689436746.2281878,15117449.66442953,12093959.731543625,9070469.79865772,6046979.865771813,3023489.932885907,0.0,66161073.82550337,132322147.65100674,198483221.4765101,264644295.3020135,330805369.1275168
1100.0,1150.0,0.0,0.0,0.0,0.0,0.0,0.0,1628841978.7382553,3257683957.4765105,4886525936.214766,6515367914.953021,8144209893.691277,8143547231.489934,8142884569.288591,8142221907.087249,8141559244.885906,8140896582.684564,6512717266.147651,4884537949.610738,3256358633.073825,1628179316.5369122,0.0,0.0,0.0,0.0,0.0,0.0,2845637.583892618,5691275.167785235,8536912.751677852,11382550.33557047,14228187.919463087,11382550.33557047,8536912.751677852,5691275.167785235,2845637.583892618,0.0
1150.0,1200.0,0.0,0.0,0.0,0.0,0.0,0.0,0.0,0.0,0.0,0.0,0.0,0.0,0.0,0.0,0.0,0.0,1567968458.6577184,3135936917.315437,4703905375.973155,6271873834.630874,7839842293.288592,6271873834.630874,4703905375.973155,3135936917.3154364,1567968458.657718,0.0,0.0,0.0,0.0,0.0,0.0,2845637.583892618,5691275.167785235,8536912.751677852,11382550.33557047,14228187.919463087
1200.0,1250.0,0.0,0.0,0.0,0.0,0.0,0.0,1526395673.288591,3052791346.577182,4579187019.865772,6105582693.154364,7631978366.442954,7687529638.362417,7743080910.28188,7798632182.201344,7854183454.120807,7909734726.040271,6327787780.832216,4745840835.624163,3163893890.4161086,1581946945.2080545,0.0,0.0,0.0,0.0,0.0,0.0,0.0,0.0,0.0,0.0,0.0,0.0,0.0,0.0,0.0,0.0
1250.0,1300.0,0.0,0.0,0.0,0.0,0.0,0.0,0.0,0.0,0.0,0.0,0.0,0.0,0.0,0.0,0.0,0.0,0.0,0.0,0.0,0.0,0.0,0.0,0.0,0.0,0.0,0.0,0.0,0.0,0.0,0.0,0.0,0.0,0.0,0.0,0.0,0.0
1300.0,1350.0,0.0,0.0,0.0,0.0,0.0,0.0,0.0,0.0,0.0,0.0,0.0,0.0,0.0,0.0,0.0,0.0,0.0,0.0,0.0,0.0,0.0,0.0,0.0,0.0,0.0,0.0,0.0,0.0,0.0,0.0,0.0,0.0,0.0,0.0,0.0,0.0
1350.0,1400.0,0.0,0.0,0.0,0.0,0.0,0.0,0.0,0.0,0.0,0.0,0.0,0.0,0.0,0.0,0.0,0.0,0.0,0.0,0.0,0.0,0.0,0.0,0.0,0.0,0.0,0.0,0.0,0.0,0.0,0.0,0.0,0.0,0.0,0.0,0.0,0.0
1400.0,1450.0,0.0,0.0,0.0,0.0,0.0,0.0,0.0,0.0,0.0,0.0,0.0,0.0,0.0,0.0,0.0,0.0,0.0,0.0,0.0,0.0,0.0,0.0,0.0,0.0,0.0,0.0,0.0,0.0,0.0,0.0,0.0,0.0,0.0,0.0,0.0,0.0
1450.0,1500.0,0.0,0.0,0.0,0.0,0.0,0.0,0.0,0.0,0.0,0.0,0.0,0.0,0.0,0.0,0.0,0.0,0.0,0.0,0.0,0.0,0.0,0.0,0.0,0.0,0.0,0.0,0.0,0.0,0.0,0.0,0.0,0.0,0.0,0.0,0.0,0.0
1500.0,1550.0,0.0,0.0,0.0,0.0,0.0,0.0,0.0,0.0,0.0,0.0,0.0,0.0,0.0,0.0,0.0,0.0,0.0,0.0,0.0,0.0,0.0,0.0,0.0,0.0,0.0,0.0,0.0,0.0,0.0,0.0,0.0,0.0,0.0,0.0,0.0,0.0
1550.0,1600.0,0.0,0.0,0.0,0.0,0.0,0.0,51300397367.93019,102600794735.86038,153901192103.7906,205201589471.72076,256501986839.65097,262770946520.68723,269039906201.72348,275308865882.7597,281577825563.79596,287846785244.8322,289589643667.3342,291332502089.83624,293075360512.33826,294818218934.8403,296561077357.34235,298328351165.9221,300095624974.502,301862898783.08185,303630172591.6617,305397446400.24164,307130166860.74634,308862887321.25104,310595607781.75574,312328328242.26044,314061048702.7651,315827789982.00275,317594531261.24036,319361272540.47797,321128013819.7156,322894755098.95306
