Policy:,crop and rice measures,Unit: g CO2e,,,,,,,,,,,,,,,,,,,,,,,,,,,,,,
Lower Bound,Upper Bound,2020,2021,2022,2023,2024,2025,2026,2027,2028,2029,2030,2031,2032,2033,2034,2035,2036,2037,2038,2039,2040,2041,2042,2043,2044,2045,2046,2047,2048,2049,2050
-1150,-1100,2421470000,2646890000,2872310000,3097730000,3323150000,3548570000,3691510000,3834450000,3977390000,4120330000,4263270000,4553070000,4842860000,5132660000,5422450000,5712240000,5676840000,5641440000,5606040000,5570640000,5535240000,5540010000,5544780000,5549550000,5554320000,5559090000,5614150000,5669210000,5724260000,5779320000,5834380000
-1100,-1050,0,0,0,0,0,0,0,0,0,0,0,0,0,0,0,0,0,0,0,0,0,0,0,0,0,0,0,0,0,0,0
-1050,-1000,0,0,0,0,0,0,0,0,0,0,0,0,0,0,0,0,0,0,0,0,0,0,0,0,0,0,0,0,0,0,0
-1000,-950,0,0,0,0,0,0,0,0,0,0,0,0,0,0,0,0,0,0,0,0,0,0,0,0,0,0,0,0,0,0,0
-950,-900,0,0,0,0,0,0,0,0,0,0,0,109667000,219334000,329001000,438668000,548335000,438668000,329001000,219334000,109667000,0,0,0,0,0,0,109442000,218883000,328325000,437766000,547208000
-900,-850,0,0,0,0,0,0,37807300,75614600,113422000,151229000,189037000,151229000,113422000,75614600,37807300,0,0,0,0,0,0,0,0,0,0,0,0,0,0,0,0
-850,-800,0,0,0,0,0,0,0,0,0,0,0,0,0,0,0,0,0,0,0,0,0,0,0,0,0,0,0,0,0,0,0
-800,-750,0,0,0,0,0,0,0,0,0,0,0,0,0,0,0,0,0,0,0,0,0,0,0,0,0,0,0,0,0,0,0
-750,-700,205177000,203769000,202362000,200954000,199547000,198139000,158511000,118883000,79255600,39627800,0,0,0,0,0,0,0,0,0,0,0,0,0,0,0,0,0,0,0,0,0
-700,-650,0,0,0,0,0,0,0,0,0,0,0,9602420,19204800,28807300,38409700,48012100,38409700,28807300,19204800,9602420,0,0,0,0,0,0,0,0,0,0,0
-650,-600,0,0,0,0,0,0,0,0,0,0,0,0,0,0,0,0,0,0,0,0,0,0,0,0,0,0,0,0,0,0,0
-600,-550,214866000,213392000,211918000,210444000,208970000,207496000,550713000,893930000,1237150000,1580370000,1923580000,1538870000,1154150000,769433000,384717000,0,0,0,0,0,0,0,0,0,0,0,0,0,0,0,0
-550,-500,0,150656000,301313000,451969000,602626000,753282000,638992000,524702000,410412000,296121000,181831000,145465000,109099000,72732500,36366200,0,0,0,0,0,0,0,0,0,0,0,0,0,0,0,0
-500,-450,780038000,624031000,468023000,312015000,156008000,0,13181600,26363200,39544800,52726400,65908100,52726400,39544800,26363200,13181600,0,0,0,0,0,0,0,0,0,0,0,0,0,0,0,0
-450,-400,0,0,0,0,0,0,0,0,0,0,0,0,0,0,0,0,0,0,0,0,0,36875300,73750700,110626000,147501000,184377000,6972880000,13761400000,20549900000,27338400000,34126900000
-400,-350,0,395764000,791527000,1187290000,1583050000,1978820000,1583050000,1187290000,791527000,395764000,0,37965100,75930200,113895000,151860000,189825000,30528400000,60867100000,91205700000,121544000000,151883000000,155486000000,159089000000,162691000000,166294000000,169897000000,162349000000,154800000000,147252000000,139704000000,132156000000
-350,-300,181425000000,180180000000,178935000000,177691000000,176446000000,175202000000,173183000000,171165000000,169146000000,167128000000,165110000000,162181000000,159253000000,156325000000,153396000000,150468000000,120374000000,90280600000,60187100000,30093500000,0,0,0,0,0,0,3407340000,6814690000,10222000000,13629400000,17036700000
-300,-250,1257110000,1248490000,1239860000,1231240000,1222610000,1213990000,971191000,728394000,485596000,242798000,0,0,0,0,0,0,28981800000,57963500000,86945300000,115927000000,144909000000,138067000000,131225000000,124383000000,117541000000,110699000000,108128000000,105556000000,102985000000,100414000000,97842300000
-250,-200,0,0,0,0,0,0,15649900000,31299800000,46949700000,62599500000,78249400000,86996600000,95743700000,104491000000,113238000000,121985000000,97725000000,73464900000,49204800000,24944700000,684635000,961376000,1238120000,1514860000,1791600000,2068340000,1654670000,1241000000,827336000,413668000,0
-200,-150,72841400000,73974600000,75107900000,76241100000,77374400000,78507600000,72782600000,67057600000,61332600000,55607600000,49882500000,42974500000,36066500000,29158500000,22250500000,15342600000,12441500000,9540420000,6639360000,3738300000,837233000,5553270000,10269300000,14985300000,19701400000,24417400000,24454100000,24490800000,24527600000,24564300000,24601000000
-150,-100,50780100000,48798800000,46817500000,44836200000,42854800000,40873500000,32969200000,25064900000,17160600000,9256320000,1352020000,1256160000,1160290000,1064430000,968564000,872700000,966465000,1060230000,1154000000,1247760000,1341530000,1198680000,1055840000,912996000,770153000,627309000,616939000,606569000,596200000,585830000,575460000
-100,-90,0,0,0,0,0,0,0,0,0,0,0,0,0,0,0,0,4908060000,9816120000,14724200000,19632200000,24540300000,19717900000,14895500000,10073000000,5250620000,428200000,342560000,256920000,171280000,85640000,0
-90,-80,0,341369000,682738000,1024110000,1365480000,1706850000,1365480000,1024110000,682738000,341369000,0,0,0,0,0,0,0,0,0,0,0,351753000,703506000,1055260000,1407010000,1758770000,1407010000,1055260000,703506000,351753000,0
-80,-70,1767470000,1413980000,1060480000,706988000,353494000,0,0,0,0,0,0,0,0,0,0,0,0,0,0,0,0,0,0,0,0,0,0,0,0,0,0
-70,-60,0,0,0,0,0,0,0,0,0,0,0,0,0,0,0,0,0,0,0,0,0,0,0,0,0,0,0,0,0,0,0
-60,-50,0,0,0,0,0,0,0,0,0,0,0,0,0,0,0,0,0,0,0,0,0,0,0,0,0,0,0,0,0,0,0
-50,-40,0,13397900000,26795700000,40193600000,53591400000,66989300000,53591400000,40193600000,26795700000,13397900000,0,142068000,284136000,426204000,568272000,710339000,568272000,426204000,284136000,142068000,0,8060800000,16121600000,24182400000,32243200000,40304000000,41457400000,42610800000,43764200000,44917600000,46071000000
-40,-30,69368700000,55494900000,41621200000,27747500000,13873700000,0,0,0,0,0,0,12466000000,24932000000,37398000000,49864000000,62330000000,59259300000,56188500000,53117800000,50047000000,46976300000,37581000000,28185800000,18790500000,9395250000,0,0,0,0,0,0
-30,-20,0,0,0,0,0,0,8896190000,17792400000,26688600000,35584800000,44480900000,35993600000,27506200000,19018800000,10531400000,2044000000,1635200000,1226400000,817599000,408800000,0,0,0,0,0,0,190297000,380594000,570891000,761188000,951485000
-20,-10,39252500000,41407500000,43562600000,45717600000,47872600000,50027700000,40022100000,30016600000,20011100000,10005500000,0,0,0,0,0,0,9469980000,18940000000,28410000000,37879900000,47349900000,38315500000,29281100000,20246600000,11212200000,2177770000,1742220000,1306660000,871109000,435554000,0
-10,0,0,0,0,0,0,0,0,0,0,0,0,0,0,0,0,0,0,0,0,0,0,0,0,0,0,0,0,0,0,0,0
0,0,0,0,0,0,0,0,0,0,0,0,0,0,0,0,0,0,0,0,0,0,0,0,0,0,0,0,0,0,0,0,0
0.1,10,61897500000,61472900000,61048300000,60623600000,60199000000,59774400000,58476600000,57178900000,55881100000,54583400000,53285600000,52280300000,51274900000,50269500000,49264200000,48258800000,38607100000,28955300000,19303500000,9651760000,0,7727510000,15455000000,23182500000,30910000000,38637600000,38090900000,37544300000,36997700000,36451000000,35904400000
10,20,0,0,0,0,0,0,0,0,0,0,0,0,0,0,0,0,0,0,0,0,0,0,0,0,0,0,0,0,0,0,0
20,30,0,0,0,0,0,0,167996000,335993000,503989000,671986000,839982000,671986000,503989000,335993000,167996000,0,0,0,0,0,0,172823000,345647000,518470000,691294000,864117000,691294000,518470000,345647000,172823000,0
30,40,0,0,0,0,0,0,0,0,0,0,0,0,0,0,0,0,0,0,0,0,0,31037800000,62075600000,93113400000,124151000000,155189000000,124151000000,93113400000,62075600000,31037800000,0
40,50,0,0,0,0,0,0,34508700000,69017400000,103526000000,138035000000,172544000000,187365000000,202186000000,217008000000,231829000000,246650000000,229084000000,211518000000,193952000000,176386000000,158819000000,127056000000,95291700000,63527800000,31763900000,0,42328100000,84656200000,126984000000,169312000000,211641000000
50,60,223903000000,222367000000,220831000000,219295000000,217759000000,216223000000,172978000000,129734000000,86489200000,43244600000,0,0,0,0,0,0,16664700000,33329500000,49994200000,66659000000,83323700000,79938600000,76553600000,73168500000,69783400000,66398300000,53118700000,39839000000,26559300000,13279700000,0
60,70,0,0,0,0,0,0,24831100000,49662100000,74493200000,99324300000,124155000000,110739000000,97323000000,83906800000,70490600000,57074500000,51743000000,46411500000,41080000000,35748600000,30417100000,24333700000,18250300000,12166800000,6083420000,0,0,0,0,0,0
70,80,0,0,0,0,0,0,6815400000,13630800000,20446200000,27261600000,34077000000,27261600000,20446200000,13630800000,6815400000,0,12314400000,24628900000,36943300000,49257700000,61572200000,62974300000,64376500000,65778700000,67180900000,68583100000,69109500000,69635800000,70162100000,70688400000,71214800000
80,90,0,0,0,0,0,0,0,0,0,0,0,16650700000,33301400000,49952100000,66602900000,83253600000,66602900000,49952100000,33301400000,16650700000,0,0,0,0,0,0,451026000,902051000,1353080000,1804100000,2255130000
90,100,0,0,0,0,0,0,15782400000,31564800000,47347200000,63129600000,78912000000,63129600000,47347200000,31564800000,15782400000,0,0,0,0,0,0,0,0,0,0,0,71596400,143193000,214789000,286386000,357982000
100,150,296321000000,293981000000,291641000000,289301000000,286961000000,284622000000,279942000000,275262000000,270582000000,265903000000,261223000000,265146000000,269069000000,272992000000,276915000000,280838000000,242985000000,205133000000,167281000000,129428000000,91575900000,91474400000,91372800000,91271300000,91169800000,91068200000,91827500000,92586900000,93346200000,94105500000,94864900000
150,200,16094200000,30052400000,44010500000,57968700000,71926800000,85885000000,68795700000,51706400000,34617200000,17527900000,438602000,6396470000,12354300000,18312200000,24270100000,30227900000,85272800000,140318000000,195363000000,250407000000,305452000000,310499000000,315546000000,320593000000,325640000000,330687000000,336345000000,342002000000,347659000000,353317000000,358974000000
200,250,1720160000,1708360000,1696560000,1684760000,1672960000,1661160000,5419440000,9177720000,12936000000,16694300000,20452600000,16362100000,12271500000,8181030000,4090510000,0,96460000,192920000,289380000,385840000,482300000,434799000,387298000,339797000,292296000,244795000,5928180000,11611600000,17295000000,22978400000,28661700000
250,300,0,0,0,0,0,0,2910240000,5820470000,8730710000,11640900000,14551200000,11689700000,8828320000,5966890000,3105470000,244040000,291652000,339264000,386875000,434487000,482099000,385679000,289259000,192840000,96419800,0,83870300,167741000,251611000,335481000,419352000
300,350,0,0,0,0,0,0,0,0,0,0,0,2509060000,5018120000,7527180000,10036200000,12545300000,12775500000,13005700000,13235900000,13466000000,13696200000,20497300000,27298400000,34099500000,40900600000,47701700000,42778800000,37855900000,32933000000,28010200000,23087300000
350,400,0,0,0,0,0,0,0,0,0,0,0,4067370000,8134740000,12202100000,16269500000,20336800000,20240200000,20143600000,20046900000,19950300000,19853700000,15882900000,11912200000,7941470000,3970730000,0,3485440000,6970890000,10456300000,13941800000,17427200000
400,450,17354800000,13883800000,10412900000,6941900000,3470950000,0,29911200,59822400,89733600,119645000,149556000,119645000,89733600,59822400,29911200,0,31458300,62916700,94375000,125833000,157292000,6177520000,12197700000,18218000000,24238200000,30258400000,24206700000,18155100000,12103400000,6051680000,0
450,500,0,3351890000,6703790000,10055700000,13407600000,16759500000,16777000000,16794500000,16812000000,16829500000,16846900000,13477600000,10108200000,6738780000,3369390000,0,3357970000,6715940000,10073900000,13431900000,16789900000,13431900000,10073900000,6715940000,3357970000,0,0,0,0,0,0
500,550,150951000,149916000,148880000,147845000,146809000,145774000,116619000,87464200,58309400,29154700,0,0,0,0,0,0,0,0,0,0,0,0,0,0,0,0,2311260000,4622510000,6933770000,9245020000,11556300000
550,600,14657600000,14557100000,14456500000,14356000000,14255400000,14154900000,11323900000,8492920000,5661940000,2830970000,0,2989640000,5979280000,8968920000,11958600000,14948200000,11958600000,8968920000,5979280000,2989640000,0,0,0,0,0,0,0,0,0,0,0
600,650,126044000,100835000,75626600,50417700,25208900,0,0,0,0,0,0,0,0,0,0,0,0,0,0,0,0,0,0,0,0,0,0,0,0,0,0
650,700,0,24344200,48688300,73032500,97376700,121721000,2943330000,5764940000,8586550000,11408200000,14229800000,11383800000,8537860000,5691910000,2845950000,0,0,0,0,0,0,17263900,34527700,51791600,69055400,86319300,69055400,51791600,34527700,17263900,0
700,750,0,0,0,0,0,0,0,0,0,0,0,0,0,0,0,0,0,0,0,0,0,0,0,0,0,0,0,0,0,0,0
750,800,0,0,0,0,0,0,0,0,0,0,0,0,0,0,0,0,0,0,0,0,0,19836900,39673800,59510700,79347600,99184500,102205000,105226000,108247000,111268000,114289000
800,850,0,0,0,0,0,0,0,0,0,0,0,0,0,0,0,0,0,0,0,0,0,0,0,0,0,0,0,0,0,0,0
850,900,2237590000,1790070000,1342550000,895036000,447518000,0,0,0,0,0,0,0,0,0,0,0,0,0,0,0,0,0,0,0,0,0,0,0,0,0,0
900,950,0,0,0,0,0,0,0,0,0,0,0,0,0,0,0,0,0,0,0,0,0,0,0,0,0,0,0,0,0,0,0
950,1000,0,0,0,0,0,0,0,0,0,0,0,0,0,0,0,0,17235700,34471300,51707000,68942700,86178300,68942700,51707000,34471300,17235700,0,0,0,0,0,0
1000,1050,0,2679060000,5358120000,8037180000,10716200000,13395300000,10716200000,8037180000,5358120000,2679060000,0,0,0,0,0,0,0,0,0,0,0,0,0,0,0,0,0,0,0,0,0
1050,1100,0,0,0,0,0,0,0,0,0,0,0,0,0,0,0,0,0,0,0,0,0,0,0,0,0,0,0,0,0,0,0
1100,1150,0,0,0,0,0,0,0,0,0,0,0,0,0,0,0,0,0,0,0,0,0,0,0,0,0,0,0,0,0,0,0
1150,1200,0,0,0,0,0,0,0,0,0,0,0,0,0,0,0,0,0,0,0,0,0,0,0,0,0,0,0,0,0,0,0
1200,1250,11633500000,9306810000,6980100000,4653400000,2326700000,0,0,0,0,0,0,0,0,0,0,0,0,0,0,0,0,0,0,0,0,0,0,0,0,0,0
1250,1300,0,0,0,0,0,0,0,0,0,0,0,0,0,0,0,0,0,0,0,0,0,0,0,0,0,0,43570500,87141000,130711000,174282000,217852000
1300,1350,364005000,291204000,218403000,145602000,72801100,0,0,0,0,0,0,2805610000,5611210000,8416820000,11222400000,14028000000,11222400000,8416820000,5611210000,2805610000,0,0,0,0,0,0,0,0,0,0,0
1350,1400,20836100000,16668900000,12501600000,8334430000,4167220000,0,3453590000,6907190000,10360800000,13814400000,17268000000,13814400000,10360800000,6907190000,3453590000,0,0,0,0,0,0,0,0,0,0,0,0,0,0,0,0
1400,1450,0,70303900,140608000,210912000,281216000,351520000,281216000,210912000,140608000,70303900,0,0,0,0,0,0,0,0,0,0,0,0,0,0,0,0,0,0,0,0,0
1450,1500,0,0,0,0,0,0,78023500,156047000,234071000,312094000,390118000,395025000,399932000,404839000,409746000,414653000,2988000000,5561350000,8134700000,10708000000,13281400000,10625100000,7968840000,5312560000,2656280000,0,0,0,0,0,0
1500,1550,0,0,0,0,0,0,24324300,48648700,72973000,97297400,121622000,97297400,72973000,48648700,24324300,0,0,0,0,0,0,2272190000,4544380000,6816570000,9088750000,11360900000,9088750000,6816570000,4544380000,2272190000,0
1550,1600,4960520000,8950770000,12941000000,16931300000,20921500000,24911800000,20830100000,16748500000,12666800000,8585150000,4503500000,4634530000,4765560000,4896590000,5027620000,5158640000,5353450000,5548250000,5743060000,5937860000,6132670000,6088660000,6044650000,6000640000,5956630000,5912620000,7775800000,9638990000,11502200000,13365400000,15228500000
