Unit: BTU,2024.0,2025.0,2026.0,2027.0,2028.0,2029.0,2030.0,2031.0,2032.0,2033.0,2034.0,2035.0,2036.0,2037.0,2038.0,2039.0,2040.0,2041.0,2042.0,2043.0,2044.0,2045.0,2046.0,2047.0,2048.0,2049.0,2050.0
agriculture and forestry 01T03,582207000000.0,551708000000.0,551782000000.0,561047000000.0,572280000000.0,580386000000.0,586774000000.0,594013000000.0,614938000000.0,613851000000.0,619269000000.0,625231000000.0,630899000000.0,641016000000.0,651266000000.0,660267000000.0,666934000000.0,670135000000.0,674437000000.0,678710000000.0,683820000000.0,689973000000.0,696507000000.0,703056000000.0,709694000000.0,716316000000.0,723041000000.0
coal mining 05,4877290000.0,5092990000.0,5033080000.0,4833350000.0,4501810000.0,4409930000.0,4465860000.0,4038440000.0,3966540000.0,3878660000.0,3742850000.0,3686930000.0,3654970000.0,3611030000.0,3543130000.0,3491200000.0,3379350000.0,3307450000.0,3243540000.0,3183620000.0,3139680000.0,3075770000.0,3043810000.0,3039820000.0,3019850000.0,2955930000.0,2840090000.0
oil and gas extraction 06,1499000000000.0,1494550000000.0,1550290000000.0,1551520000000.0,1562330000000.0,1571490000000.0,1589830000000.0,1606570000000.0,1620630000000.0,1631860000000.0,1644810000000.0,1650170000000.0,1656020000000.0,1662410000000.0,1668150000000.0,1674960000000.0,1686110000000.0,1698960000000.0,1707190000000.0,1715880000000.0,1721830000000.0,1726700000000.0,1731730000000.0,1738050000000.0,1741950000000.0,1744320000000.0,1745430000000.0
other mining and quarrying 07T08,0.0,0.0,0.0,0.0,0.0,0.0,0.0,0.0,0.0,0.0,0.0,0.0,0.0,0.0,0.0,0.0,0.0,0.0,0.0,0.0,0.0,0.0,0.0,0.0,0.0,0.0,0.0
food beverage and tobacco 10T12,9934420000000.0,9715850000000.0,9583380000000.0,9623000000000.0,9648460000000.0,9635490000000.0,9568810000000.0,9525550000000.0,9498880000000.0,9398510000000.0,9314570000000.0,9193620000000.0,9069490000000.0,8937580000000.0,8820890000000.0,8709900000000.0,8625880000000.0,8560540000000.0,8548130000000.0,8544730000000.0,8544870000000.0,8532970000000.0,8498130000000.0,8462470000000.0,8429250000000.0,8400550000000.0,8374570000000.0
textiles apparel and leather 13T15,1144710000000.0,1144710000000.0,1144710000000.0,1144710000000.0,1144710000000.0,1144710000000.0,1144710000000.0,1144710000000.0,1144710000000.0,1144710000000.0,1144710000000.0,1144710000000.0,1144710000000.0,1144710000000.0,1144710000000.0,1144710000000.0,1144710000000.0,1144710000000.0,1144710000000.0,1144710000000.0,1144710000000.0,1144710000000.0,1144710000000.0,1144710000000.0,1144710000000.0,1144710000000.0,1144710000000.0
wood products 16,6768410000000.0,6657190000000.0,6597790000000.0,6624180000000.0,6633690000000.0,6681550000000.0,6677280000000.0,6626740000000.0,6631660000000.0,6657830000000.0,6674610000000.0,6653770000000.0,6625240000000.0,6589560000000.0,6547140000000.0,6510180000000.0,6474700000000.0,6458570000000.0,6454730000000.0,6445640000000.0,6436350000000.0,6452050000000.0,6463910000000.0,6471070000000.0,6476730000000.0,6479300000000.0,6483570000000.0
pulp paper and printing 17T18,28015600000000.0,26703200000000.0,26708700000000.0,27483100000000.0,27543200000000.0,27550400000000.0,27328200000000.0,27100400000000.0,26885700000000.0,26636700000000.0,26383900000000.0,26135100000000.0,25887700000000.0,25571500000000.0,25381200000000.0,25237800000000.0,25149300000000.0,25014800000000.0,24903500000000.0,24812600000000.0,24733500000000.0,24664400000000.0,24496000000000.0,24336100000000.0,24132800000000.0,23950200000000.0,23750500000000.0
refined petroleum and coke 19,14266300000000.0,14266300000000.0,14266300000000.0,14266300000000.0,14266300000000.0,14266300000000.0,14266300000000.0,14266300000000.0,14266300000000.0,14266300000000.0,14266300000000.0,14266300000000.0,14266300000000.0,14266300000000.0,14266300000000.0,14266300000000.0,14266300000000.0,14266300000000.0,14266300000000.0,14266300000000.0,14266300000000.0,14266300000000.0,14266300000000.0,14266300000000.0,14266300000000.0,14266300000000.0,14266300000000.0
chemicals 20,49973400000000.0,50644900000000.0,49190600000000.0,48583700000000.0,48653900000000.0,48162400000000.0,48256300000000.0,48645100000000.0,48918800000000.0,49141100000000.0,49487200000000.0,49756100000000.0,50022600000000.0,50084300000000.0,50253500000000.0,50719600000000.0,51218400000000.0,51846500000000.0,52765500000000.0,53671800000000.0,54648400000000.0,55682900000000.0,56668100000000.0,57685600000000.0,58619700000000.0,59414100000000.0,60407200000000.0
rubber and plastic products 22,1513330000000.0,1455290000000.0,1440960000000.0,1465780000000.0,1475940000000.0,1478780000000.0,1477260000000.0,1481510000000.0,1490010000000.0,1479180000000.0,1478670000000.0,1474950000000.0,1472810000000.0,1472290000000.0,1472000000000.0,1469830000000.0,1473840000000.0,1482070000000.0,1503130000000.0,1525100000000.0,1548070000000.0,1570280000000.0,1584480000000.0,1596620000000.0,1605680000000.0,1620760000000.0,1637660000000.0
glass and glass products 231,484332000000.0,472592000000.0,467342000000.0,459833000000.0,450789000000.0,441888000000.0,433402000000.0,425387000000.0,418380000000.0,412305000000.0,407239000000.0,402625000000.0,397891000000.0,393213000000.0,388649000000.0,384579000000.0,380717000000.0,377236000000.0,374024000000.0,371281000000.0,368741000000.0,366358000000.0,364196000000.0,362205000000.0,360403000000.0,358504000000.0,356789000000.0
cement and other nonmetallic minerals 239,980000000000.0,984359000000.0,961700000000.0,990423000000.0,1033350000000.0,1076110000000.0,1112760000000.0,1164590000000.0,1211080000000.0,1255330000000.0,1298070000000.0,1339480000000.0,1378690000000.0,1417890000000.0,1456180000000.0,1494710000000.0,1520870000000.0,1546300000000.0,1566840000000.0,1565150000000.0,1561320000000.0,1571840000000.0,1585390000000.0,1600850000000.0,1617940000000.0,1635800000000.0,1654970000000.0
iron and steel 241,11106500000000.0,11408700000000.0,11529900000000.0,11817000000000.0,11628300000000.0,11577000000000.0,11645500000000.0,11661400000000.0,11736800000000.0,11785300000000.0,11732800000000.0,11734800000000.0,11678000000000.0,11650700000000.0,11596900000000.0,11533300000000.0,11532100000000.0,11552800000000.0,11580500000000.0,11588800000000.0,11600300000000.0,11675700000000.0,11711900000000.0,11781300000000.0,11829800000000.0,11826200000000.0,11866100000000.0
other metals 242,30000000000.0,29401500000.0,29303800000.0,29588600000.0,29849400000.0,30019000000.0,30138800000.0,30287300000.0,30501800000.0,30721200000.0,30998100000.0,31331100000.0,31662300000.0,31979900000.0,32303600000.0,32605700000.0,32934000000.0,33284900000.0,33658000000.0,34032200000.0,34393200000.0,34727200000.0,35023100000.0,35292600000.0,35532100000.0,35746900000.0,35953300000.0
metal products except machinery and vehicles 25,3110060000000.0,3048000000000.0,3117190000000.0,3149740000000.0,3109440000000.0,3080670000000.0,3065210000000.0,3051440000000.0,3074390000000.0,3074250000000.0,3095360000000.0,3111850000000.0,3121160000000.0,3132100000000.0,3150400000000.0,3158140000000.0,3175910000000.0,3195000000000.0,3225030000000.0,3258030000000.0,3304010000000.0,3347730000000.0,3383700000000.0,3402400000000.0,3412330000000.0,3445500000000.0,3477320000000.0
computers and electronics 26,24445200000.0,23591600000.0,24034300000.0,24373300000.0,24396700000.0,24456900000.0,24259800000.0,24037600000.0,24264800000.0,24076000000.0,24273100000.0,24344900000.0,24406800000.0,24491900000.0,24612200000.0,24774200000.0,24988000000.0,25262000000.0,25788100000.0,26377700000.0,27029200000.0,27645500000.0,28190000000.0,28674400000.0,29148800000.0,29659900000.0,30142600000.0
appliances and electrical equipment 27,747684000000.0,720081000000.0,715582000000.0,708850000000.0,696029000000.0,690346000000.0,697586000000.0,702693000000.0,711319000000.0,709797000000.0,709425000000.0,711353000000.0,711894000000.0,711827000000.0,710947000000.0,710372000000.0,711319000000.0,712368000000.0,715412000000.0,718322000000.0,721366000000.0,724783000000.0,728943000000.0,732834000000.0,735946000000.0,738618000000.0,740478000000.0
other machinery 28,438645000000.0,410896000000.0,404281000000.0,412735000000.0,419043000000.0,425383000000.0,429804000000.0,436644000000.0,444098000000.0,443469000000.0,446389000000.0,450954000000.0,454391000000.0,456375000000.0,456891000000.0,456682000000.0,458279000000.0,460021000000.0,462377000000.0,464200000000.0,466055000000.0,468459000000.0,471314000000.0,474412000000.0,476396000000.0,477768000000.0,478542000000.0
road vehicles 29,1231740000000.0,1231740000000.0,1231740000000.0,1231740000000.0,1231740000000.0,1231740000000.0,1231740000000.0,1231740000000.0,1231740000000.0,1231740000000.0,1231740000000.0,1231740000000.0,1231740000000.0,1231740000000.0,1231740000000.0,1231740000000.0,1231740000000.0,1231740000000.0,1231740000000.0,1231740000000.0,1231740000000.0,1231740000000.0,1231740000000.0,1231740000000.0,1231740000000.0,1231740000000.0,1231740000000.0
nonroad vehicles 30,180269000000.0,180269000000.0,180269000000.0,180269000000.0,180269000000.0,180269000000.0,180269000000.0,180269000000.0,180269000000.0,180269000000.0,180269000000.0,180269000000.0,180269000000.0,180269000000.0,180269000000.0,180269000000.0,180269000000.0,180269000000.0,180269000000.0,180269000000.0,180269000000.0,180269000000.0,180269000000.0,180269000000.0,180269000000.0,180269000000.0,180269000000.0
other manufacturing 31T33,373177000000.0,355590000000.0,353160000000.0,354015000000.0,350343000000.0,347267000000.0,345875000000.0,344568000000.0,342875000000.0,337958000000.0,333898000000.0,329626000000.0,324957000000.0,320663000000.0,317010000000.0,312943000000.0,310614000000.0,309149000000.0,309154000000.0,309434000000.0,310049000000.0,310817000000.0,310339000000.0,309584000000.0,308159000000.0,308055000000.0,307248000000.0
energy pipelines and gas processing 352T353,42202000000000.0,42202000000000.0,40478200000000.0,43241300000000.0,44464100000000.0,46285500000000.0,51702000000000.0,54390600000000.0,56731300000000.0,58356600000000.0,61041000000000.0,63146400000000.0,65203700000000.0,66780900000000.0,68235700000000.0,69789600000000.0,71043800000000.0,72283500000000.0,73551300000000.0,74850100000000.0,76078900000000.0,76943500000000.0,77928800000000.0,78911300000000.0,79619700000000.0,79635500000000.0,79810700000000.0
water and waste 36T39,0.0,0.0,0.0,0.0,0.0,0.0,0.0,0.0,0.0,0.0,0.0,0.0,0.0,0.0,0.0,0.0,0.0,0.0,0.0,0.0,0.0,0.0,0.0,0.0,0.0,0.0,0.0
construction 41T43,598748000000.0,587428000000.0,583423000000.0,585991000000.0,588527000000.0,595196000000.0,602101000000.0,608581000000.0,615024000000.0,617578000000.0,617980000000.0,619458000000.0,620063000000.0,619167000000.0,617615000000.0,615588000000.0,612576000000.0,609145000000.0,607948000000.0,606526000000.0,605907000000.0,607574000000.0,609463000000.0,611011000000.0,612659000000.0,614964000000.0,618068000000.0
